{
	"camera" : 
	{
		"calcFrustum" : false,
		"dist" : 43.30126953125,
		"fromEye" : true,
		"pos" : 
		[
			14.064319610595703,
			14.064319610595703,
			14.064319610595703
		],
		"speed" : -0.0050000003539025784,
		"speedRotate" : 0.0099999997764825821,
		"vector" : 
		[
			-0.53353685140609741,
			-0.57802295684814453,
			-0.61743652820587158
		]
	},
	"testKey" : "testValue"
}