{
	"camera" : 
	{
		"calcFrustum" : false,
		"dist" : 10.0,
		"fromEye" : false,
		"pos" : 
		[
			-0.65027308464050293,
			0.00056523457169532776,
			1.0188531875610352
		],
		"speed" : 0.0050000003539025784,
		"speedRotate" : 0.0099999997764825821,
		"vector" : 
		[
			0.88184428215026855,
			-0.014130863361060619,
			-0.4713289737701416
		]
	},
	"testKey" : "testValue"
}