{
	"camera" : 
	{
		"calcFrustum" : false,
		"dist" : 43.30126953125,
		"fromEye" : true,
		"pos" : 
		[
			-8.5859594345092773,
			-7.5558743476867676,
			6.4205307960510254
		],
		"speed" : 0.0050000003539025784,
		"speedRotate" : 0.0099999997764825821,
		"vector" : 
		[
			0.7199702262878418,
			0.69251424074172974,
			-0.045463263988494873
		]
	},
	"testKey" : "testValue"
}