{
	"camera" : 
	{
		"calcFrustum" : false,
		"dist" : 43.30126953125,
		"fromEye" : true,
		"pos" : 
		[
			-2.523282527923584,
			17.475410461425781,
			-41.289863586425781
		],
		"speed" : -0.0050000003539025784,
		"speedRotate" : 0.0099999997764825821,
		"vector" : 
		[
			0.44425621628761292,
			-0.68138200044631958,
			-0.58168286085128784
		]
	},
	"testKey" : "testValue"
}